{
  "split": "random_split_3",
  "train_n": 3427,
  "val_n": 605,
  "test_n": 1728,
  "y_mean": 0.4013780951499939,
  "y_std": 0.28100527332855224,
  "x_dim": 8196,
  "ensemble_seeds": [
    0,
    1,
    2,
    3,
    4
  ],
  "val_r2_each": [
    0.8913195133209229,
    0.897162914276123,
    0.8945672512054443,
    0.8955599665641785,
    0.89387047290802
  ],
  "ckpts": [
    "./runs_morgan_ann/outputs_suzuki-miyaura_morgan_ann_random_split_3/best_seed143.pt",
    "./runs_morgan_ann/outputs_suzuki-miyaura_morgan_ann_random_split_3/best_seed1143.pt",
    "./runs_morgan_ann/outputs_suzuki-miyaura_morgan_ann_random_split_3/best_seed2143.pt",
    "./runs_morgan_ann/outputs_suzuki-miyaura_morgan_ann_random_split_3/best_seed3143.pt",
    "./runs_morgan_ann/outputs_suzuki-miyaura_morgan_ann_random_split_3/best_seed4143.pt"
  ],
  "mae": 0.06570929288864136,
  "rmse": 0.1000788089407213,
  "r2": 0.8721925616264343,
  "mae_%": 6.570929288864136,
  "rmse_%": 10.00788089407213,
  "device": "cuda"
}