{
  "split": "random_split_8",
  "train_n": 3427,
  "val_n": 605,
  "test_n": 1728,
  "y_mean": 0.3978117108345032,
  "y_std": 0.2797931532723999,
  "x_dim": 8196,
  "ensemble_seeds": [
    0,
    1,
    2,
    3,
    4
  ],
  "val_r2_each": [
    0.87935471534729,
    0.8819789886474609,
    0.8807762265205383,
    0.8804538249969482,
    0.8817305564880371
  ],
  "ckpts": [
    "./runs_morgan_ann/outputs_suzuki-miyaura_morgan_ann_random_split_8/best_seed148.pt",
    "./runs_morgan_ann/outputs_suzuki-miyaura_morgan_ann_random_split_8/best_seed1148.pt",
    "./runs_morgan_ann/outputs_suzuki-miyaura_morgan_ann_random_split_8/best_seed2148.pt",
    "./runs_morgan_ann/outputs_suzuki-miyaura_morgan_ann_random_split_8/best_seed3148.pt",
    "./runs_morgan_ann/outputs_suzuki-miyaura_morgan_ann_random_split_8/best_seed4148.pt"
  ],
  "mae": 0.06544533371925354,
  "rmse": 0.10217361723363422,
  "r2": 0.8701233863830566,
  "mae_%": 6.544533371925354,
  "rmse_%": 10.217361723363421,
  "device": "cuda"
}